{
  "train_loss": [
    5.492816658020019,
    4.889261703491211,
    4.616237030029297,
    4.386900472640991,
    4.167318830490112,
    3.984263706207275,
    3.802840986251831,
    3.640862464904785,
    3.4954626846313475,
    3.3999391698837282,
    3.3099166631698607,
    3.2587752389907836,
    3.2292478609085085,
    3.200823411941528,
    3.1868442583084104,
    3.171121802330017,
    3.183898968696594,
    3.1645648002624513,
    3.135376648902893,
    3.139713706970215,
    3.1217380142211915,
    3.1092018556594847,
    3.1017316722869874,
    3.098311061859131,
    3.0919086027145384,
    3.0821733331680297,
    3.072257089614868,
    3.0653091144561766,
    3.057971796989441,
    3.0448925495147705,
    3.037055287361145,
    3.027546443939209,
    3.0193761682510374,
    3.0122328758239747,
    3.006475553512573,
    3.002683234214783,
    2.9857940006256105,
    2.9816723585128786,
    2.975498995780945,
    2.968169083595276,
    2.9615213108062743,
    2.95630163192749,
    2.9517556047439575,
    2.9489044904708863,
    2.948481349945068,
    2.9419628143310548,
    2.9361785554885866,
    2.932984948158264,
    2.927080159187317,
    2.9206533288955687,
    2.918994812965393,
    2.9181931114196775,
    2.912348470687866,
    2.9122216796875,
    2.9107109928131103,
    2.9050597047805784,
    2.9026389217376707,
    2.9012870264053343,
    2.8982441520690916,
    2.8964962434768675,
    2.8954268741607665,
    2.8937064838409423,
    2.89184898853302,
    2.8903551054000856,
    2.888990321159363,
    2.8871176767349245,
    2.8861208152770996,
    2.885302300453186,
    2.883907604217529,
    2.882660756111145,
    2.8819361877441407,
    2.880675344467163,
    2.879912099838257,
    2.87959276676178,
    2.8783995389938353,
    2.878001103401184,
    2.8771635770797728,
    2.876581087112427,
    2.87597939491272,
    2.8754516506195067,
    2.8753825759887697,
    2.8750535821914673,
    2.8745294570922852,
    2.874044198989868,
    2.873846859931946,
    2.873178358078003,
    2.8724749660491944,
    2.8730072355270386,
    2.8728396606445314,
    2.8725779676437377,
    2.8725441598892214,
    2.8720076179504392,
    2.871456093788147,
    2.8715004539489746,
    2.871078987121582,
    2.8718293714523315,
    2.8712582397460937,
    2.8714029026031493,
    2.8713227033615114,
    2.870864095687866
  ],
  "val_loss": [
    5.020809718540737,
    4.694556644984654,
    4.46062571661813,
    4.244314193725586,
    4.045136758259365,
    3.873122589928763,
    3.7081075055258617,
    3.574249642235892,
    3.424163818359375,
    3.341008867536272,
    3.264287199292864,
    3.285817725317819,
    3.18737370627267,
    3.188762766974313,
    3.1605946677071706,
    3.1430904184068953,
    3.150640078953334,
    3.1157069546835765,
    3.112499509538923,
    3.0990072999681746,
    3.0868185247693742,
    3.0733021327427457,
    3.067040034702846,
    3.063253607068743,
    3.0468690054757253,
    3.0405526842389787,
    3.025477034705026,
    3.0218399592808316,
    3.0058980328696117,
    2.9936533655439104,
    2.9890033176967075,
    2.972799403326852,
    2.978793042046683,
    2.9640281200408936,
    2.954965387071882,
    2.944795642580305,
    2.93033344405038,
    2.924905674798148,
    2.916172504425049,
    2.9100028106144498,
    2.9030983448028564,
    2.9004830632890974,
    2.89132935660226,
    2.897347722734724,
    2.8926242419651578,
    2.8825056893484935,
    2.876361744744437,
    2.8730854306902205,
    2.866269724709647,
    2.859020675931658,
    2.8590265001569475,
    2.8572634969438826,
    2.8515009539467946,
    2.8534884452819824,
    2.8449242455618724,
    2.843025173459734,
    2.841263464518956,
    2.8390348638807024,
    2.835380894797189,
    2.835275888442993,
    2.8333627496446883,
    2.830207518168858,
    2.8309666429247176,
    2.8279073578970775,
    2.825867005756923,
    2.823730570929391,
    2.8231674262455533,
    2.8216337817055837,
    2.8207825933183943,
    2.8196182250976562,
    2.818037680217198,
    2.8169574396950856,
    2.8169236864362444,
    2.815622193472726,
    2.815835646220616,
    2.814201933997018,
    2.8127979891640797,
    2.8139680794307163,
    2.8123558929988315,
    2.811971698488508,
    2.811532940183367,
    2.810603243964059,
    2.810636009488787,
    2.8113321576799666,
    2.809928825923375,
    2.8098717417035783,
    2.8095315183912004,
    2.8092635018484935,
    2.808827979224069,
    2.809234823499407,
    2.808840751647949,
    2.8082065922873363,
    2.808344227927072,
    2.807898691722325,
    2.807937894548689,
    2.807899611336844,
    2.8078758035387312,
    2.807999849319458,
    2.8069820404052734,
    2.8060827255249023
  ],
  "learning_rate": [
    0.00029992072231443425,
    0.00029968297594672226,
    0.0002992870208690266,
    0.0002987332900524113,
    0.0002980223889933947,
    0.0002971550950518473,
    0.0002961323566009608,
    0.0002949552919902155,
    0.0002936251883224818,
    0.00029214350004659194,
    0.00029051184736692177,
    0.00028873201447172074,
    0.00028680594758212854,
    0.0002847357528240107,
    0.0002825236939249409,
    0.0002801721897388482,
    0.0002776838116010356,
    0.00027506128051646287,
    0.00027230746418436733,
    0.000269425373862477,
    0.0002664181610742445,
    0.00026328911416270223,
    0.0002600416546947078,
    0.00025667933371951074,
    0.00025320582788573235,
    0.0002496249354210043,
    0.0002459405719786628,
    0.00024215676635603857,
    0.00023827765608902676,
    0.00023430748292775188,
    0.00023025058819827615,
    0.0002261114080554236,
    0.00022189446863190969,
    0.0002176043810890814,
    0.00021324583657468052,
    0.00020882360109314194,
    0.00020434251029403816,
    0.00019980746418436733,
    0.00019522342177046744,
    0.00019059539563541584,
    0.0001859284464578433,
    0.00018122767747815588,
    0.00017649822891821704,
    0.00017174527236058998,
    0.00016697400509348815,
    0.0001621896444276172,
    0.0001573974219911219,
    0.00015260257800887796,
    0.00014781035557238274,
    0.0001430259949065118,
    0.00013825472763941002,
    0.00013350177108178288,
    0.00012877232252184406,
    0.00012407155354215673,
    0.00011940460436458413,
    0.00011477657822953256,
    0.00011019253581563266,
    0.00010565748970596174,
    0.00010117639890685798,
    9.675416342531944e-05,
    9.239561891091853e-05,
    8.810553136809027e-05,
    8.38885919445763e-05,
    7.974941180172378e-05,
    7.569251707224812e-05,
    7.172234391097316e-05,
    6.784323364396135e-05,
    6.405942802133713e-05,
    6.0375064578995536e-05,
    5.6794172114267566e-05,
    5.3320666280489146e-05,
    4.9958345305292096e-05,
    4.6710885837297726e-05,
    4.358183892575542e-05,
    4.057462613752294e-05,
    3.769253581563263e-05,
    3.493871948353709e-05,
    3.231618839896438e-05,
    2.9827810261151784e-05,
    2.7476306075059103e-05,
    2.52642471759893e-05,
    2.319405241787147e-05,
    2.1267985528279215e-05,
    1.9488152633078164e-05,
    1.785649995340798e-05,
    1.6374811677518146e-05,
    1.504470800978446e-05,
    1.386764339903917e-05,
    1.2844904948152646e-05,
    1.1977611006605265e-05,
    1.1266709947588599e-05,
    1.0712979130973347e-05,
    1.0317024053277693e-05,
    1.0079277685565724e-05,
    1e-05,
    1.0079277685565724e-05,
    1.0317024053277693e-05,
    1.0712979130973345e-05,
    1.1266709947588597e-05,
    1.1977611006605246e-05
  ]
}